INSERT INTO Roles (nombre) VALUES 
('Superadmin'),
('Admin'),
('Cliente'),
('Empleado');

INSERT INTO Usuarios (nombre, email, contraseña, rol_id, fecha_registro) VALUES 
-- Superadmin
('Carlos Ramírez', 'carlos.ramirez@empresa.com', 'SuperAdmin123!', 1, '2024-01-10'),

-- Admin
('Laura González', 'laura.gonzalez@empresa.com', 'Admin456!', 2, '2024-02-15'),

-- Empleados
('Ana Torres', 'ana.torres@empresa.com', 'Empleado321!', 4, '2024-04-05'),
('Pedro Gómez', 'pedro.gomez@empresa.com', 'Empleado654!', 4, '2024-04-06'),
('Sofía López', 'sofia.lopez@empresa.com', 'Empleado987!', 4, '2024-04-07'),
('Diego Fernández', 'diego.fernandez@empresa.com', 'Empleado135!', 4, '2024-04-08'),
('Elena Morales', 'elena.morales@empresa.com', 'Empleado246!', 4, '2024-04-09'),

-- Clientes
('Juan Pérez', 'juan.perez@gmail.com', 'Cliente789!', 3, '2024-03-20'),
('María Ríos', 'maria.rios@gmail.com', 'Cliente159!', 3, '2024-03-21'),
('Luis Castro', 'luis.castro@gmail.com', 'Cliente753!', 3, '2024-03-22'),
('Gabriela Méndez', 'gabriela.mendez@gmail.com', 'Cliente258!', 3, '2024-03-23'),
('Fernando Herrera', 'fernando.herrera@gmail.com', 'Cliente369!', 3, '2024-03-24'),
('Camila Suárez', 'camila.suarez@gmail.com', 'Cliente147!', 3, '2024-03-25'),
('Ricardo Ortega', 'ricardo.ortega@gmail.com', 'Cliente258!', 3, '2024-03-26'),
('Paula Vargas', 'paula.vargas@gmail.com', 'Cliente369!', 3, '2024-03-27'),
('Andrés Quintana', 'andres.quintana@gmail.com', 'Cliente951!', 3, '2024-03-28'),
('Valeria Guzmán', 'valeria.guzman@gmail.com', 'Cliente753!', 3, '2024-03-29'),
('Oscar Molina', 'oscar.molina@gmail.com', 'Cliente159!', 3, '2024-03-30'),
('Isabela Fuentes', 'isabela.fuentes@gmail.com', 'Cliente852!', 3, '2024-03-31'),
('Javier Salazar', 'javier.salazar@gmail.com', 'Cliente963!', 3, '2024-04-01'),
('Diana Castillo', 'diana.castillo@gmail.com', 'Cliente741!', 3, '2024-04-02'),
('Roberto Espinoza', 'roberto.espinoza@gmail.com', 'Cliente852!', 3, '2024-04-03'),
('Natalia Pineda', 'natalia.pineda@gmail.com', 'Cliente963!', 3, '2024-04-04'),
('Esteban Ramírez', 'esteban.ramirez@gmail.com', 'Cliente741!', 3, '2024-04-05'),
('Claudia Benítez', 'claudia.benitez@gmail.com', 'Cliente852!', 3, '2024-04-06'),
('Gustavo Ávila', 'gustavo.avila@gmail.com', 'Cliente963!', 3, '2024-04-07'),
('Andrea Navarro', 'andrea.navarro@gmail.com', 'Cliente741!', 3, '2024-04-08'),
('Manuel Orozco', 'manuel.orozco@gmail.com', 'Cliente852!', 3, '2024-04-09'),
('Lorena Chávez', 'lorena.chavez@gmail.com', 'Cliente963!', 3, '2024-04-10'),
('Martín Silva', 'martin.silva@gmail.com', 'Cliente741!', 3, '2024-04-11'),
('Emilia Rojas', 'emilia.rojas@gmail.com', 'Cliente852!', 3, '2024-04-12'),
('Renato Campos', 'renato.campos@gmail.com', 'Cliente963!', 3, '2024-04-13'),
('Luisa Peña', 'luisa.pena@gmail.com', 'Cliente741!', 3, '2024-04-14'),
('Felipe Soto', 'felipe.soto@gmail.com', 'Cliente852!', 3, '2024-04-15'),
('Verónica León', 'veronica.leon@gmail.com', 'Cliente963!', 3, '2024-04-16'),
('Rodrigo Méndez', 'rodrigo.mendez@gmail.com', 'Cliente741!', 3, '2024-04-17'),
('Sara Villalobos', 'sara.villalobos@gmail.com', 'Cliente852!', 3, '2024-04-18'),
('Francisco Beltrán', 'francisco.beltran@gmail.com', 'Cliente963!', 3, '2024-04-19'),
('Victoria Rincón', 'victoria.rincon@gmail.com', 'Cliente741!', 3, '2024-04-20'),
('Pablo Estrada', 'pablo.estrada@gmail.com', 'Cliente852!', 3, '2024-04-21'),
('Tatiana Fajardo', 'tatiana.fajardo@gmail.com', 'Cliente963!', 3, '2024-04-22'),
('Daniela Luna', 'daniela.luna@gmail.com', 'Cliente741!', 3, '2024-04-23'),
('Miguel Cortés', 'miguel.cortes@gmail.com', 'Cliente852!', 3, '2024-04-24'),
('Carla Fernández', 'carla.fernandez@gmail.com', 'Cliente963!', 3, '2024-04-25'),
('Lucas Mendoza', 'lucas.mendoza@gmail.com', 'Cliente741!', 3, '2024-04-26'),
('Brenda Salinas', 'brenda.salinas@gmail.com', 'Cliente852!', 3, '2024-04-27'),
('Fabián Rojas', 'fabian.rojas@gmail.com', 'Cliente963!', 3, '2024-04-28'),
('Natalia Muñoz', 'natalia.munoz@gmail.com', 'Cliente741!', 3, '2024-04-29');

INSERT INTO Clientes (usuario_id, direccion, telefono, fecha_registro) VALUES
(1, 'Calle 101, Ciudad A', '3001112233', '2024-03-01'),
(2, 'Avenida 202, Ciudad B', '3102223344', '2024-03-02'),
(3, 'Carrera 303, Ciudad C', '3203334455', '2024-03-03'),
(4, 'Diagonal 404, Ciudad D', '3304445566', '2024-03-04'),
(5, 'Transversal 505, Ciudad E', '3405556677', '2024-03-05'),
(6, 'Calle 606, Ciudad F', '3506667788', '2024-03-06'),
(7, 'Avenida 707, Ciudad G', '3607778899', '2024-03-07'),
(8, 'Carrera 808, Ciudad H', '3708889900', '2024-03-08'),
(9, 'Diagonal 909, Ciudad I', '3809990011', '2024-03-09'),
(10, 'Transversal 1010, Ciudad J', '3900001122', '2024-03-10'),
(11, 'Calle 1111, Ciudad K', '3001112233', '2024-03-11'),
(12, 'Avenida 1212, Ciudad L', '3102223344', '2024-03-12'),
(13, 'Carrera 1313, Ciudad M', '3203334455', '2024-03-13'),
(14, 'Diagonal 1414, Ciudad N', '3304445566', '2024-03-14'),
(15, 'Transversal 1515, Ciudad O', '3405556677', '2024-03-15'),
(16, 'Calle 1616, Ciudad P', '3506667788', '2024-03-16'),
(17, 'Avenida 1717, Ciudad Q', '3607778899', '2024-03-17'),
(18, 'Carrera 1818, Ciudad R', '3708889900', '2024-03-18'),
(19, 'Diagonal 1919, Ciudad S', '3809990011', '2024-03-19'),
(20, 'Transversal 2020, Ciudad T', '3900001122', '2024-03-20'),
(21, 'Calle 2121, Ciudad U', '3001112233', '2024-03-21'),
(22, 'Avenida 2222, Ciudad V', '3102223344', '2024-03-22'),
(23, 'Carrera 2323, Ciudad W', '3203334455', '2024-03-23'),
(24, 'Diagonal 2424, Ciudad X', '3304445566', '2024-03-24'),
(25, 'Transversal 2525, Ciudad Y', '3405556677', '2024-03-25'),
(26, 'Calle 2626, Ciudad Z', '3506667788', '2024-03-26'),
(27, 'Avenida 2727, Ciudad AA', '3607778899', '2024-03-27'),
(28, 'Carrera 2828, Ciudad BB', '3708889900', '2024-03-28'),
(29, 'Diagonal 2929, Ciudad CC', '3809990011', '2024-03-29'),
(30, 'Transversal 3030, Ciudad DD', '3900001122', '2024-03-30'),
(31, 'Calle 3131, Ciudad EE', '3001112233', '2024-03-31'),
(32, 'Avenida 3232, Ciudad FF', '3102223344', '2024-04-01'),
(33, 'Carrera 3333, Ciudad GG', '3203334455', '2024-04-02'),
(34, 'Diagonal 3434, Ciudad HH', '3304445566', '2024-04-03'),
(35, 'Transversal 3535, Ciudad II', '3405556677', '2024-04-04'),
(36, 'Calle 3636, Ciudad JJ', '3506667788', '2024-04-05'),
(37, 'Avenida 3737, Ciudad KK', '3607778899', '2024-04-06'),
(38, 'Carrera 3838, Ciudad LL', '3708889900', '2024-04-07'),
(39, 'Diagonal 3939, Ciudad MM', '3809990011', '2024-04-08'),
(40, 'Transversal 4040, Ciudad NN', '3900001122', '2024-04-09'),
(41, 'Calle 4141, Ciudad OO', '3001112233', '2024-04-10'),
(42, 'Avenida 4242, Ciudad PP', '3102223344', '2024-04-11'),
(43, 'Carrera 4343, Ciudad QQ', '3203334455', '2024-04-12'),
(44, 'Diagonal 4444, Ciudad RR', '3304445566', '2024-04-13'),
(45, 'Transversal 4545, Ciudad SS', '3405556677', '2024-04-14'),
(46, 'Calle 4646, Ciudad TT', '3506667788', '2024-04-15'),
(47, 'Avenida 4747, Ciudad UU', '3607778899', '2024-04-16'),
(48, 'Carrera 4848, Ciudad VV', '3708889900', '2024-04-17'),
(49, 'Diagonal 4949, Ciudad WW', '3809990011', '2024-04-18'),
(50, 'Transversal 5050, Ciudad XX', '3900001122', '2024-04-19');


INSERT INTO Empleados (usuario_id, puesto, telefono) VALUES 
(8, 'Mecánico General', '3009876543'),
(9, 'Técnico en Diagnóstico', '3108765432'),
(10, 'Especialista en Frenos', '3207654321'),
(11, 'Electricista Automotriz', '3306543210'),
(12, 'Jefe de Taller', '3405432109'),
(13, 'Asesor de Servicio', '3504321098');

INSERT INTO Administradores (usuario_id, fecha_registro, nivel_acceso) VALUES 
(3, '2025-04-03', 'Alto'),
(4, '2025-04-03', 'Medio');

INSERT INTO Vehiculos (vehiculo_id, cliente_id, marca, modelo, año, placa, tipo_vehiculo) VALUES 
(1, 1, 'Toyota', 'Corolla', 2020, 'ABC123', 'Carro'),
(2, 2, 'Honda', 'Civic', 2019, 'XYZ789', 'Carro'),
(3, 3, 'Ford', 'Fiesta', 2018, 'LMN456', 'Carro'),
(4, 4, 'Chevrolet', 'Spark', 2021, 'PQR321', 'Carro'),
(5, 5, 'Nissan', 'Sentra', 2022, 'DEF654', 'Carro'),
(6, 6, 'Yamaha', 'YZF-R3', 2023, 'MOT001', 'Moto'),
(7, 7, 'Suzuki', 'Gixxer', 2021, 'MOT002', 'Moto'),
(8, 8, 'Kawasaki', 'Ninja 400', 2020, 'MOT003', 'Moto'),
(9, 9, 'Ducati', 'Monster 797', 2019, 'MOT004', 'Moto'),
(10, 10, 'Harley-Davidson', 'Iron 883', 2018, 'MOT005', 'Moto'),
(11, 11, 'Mazda', 'CX-5', 2023, 'JKL111', 'Carro'),
(12, 12, 'Hyundai', 'Elantra', 2020, 'QWE222', 'Carro'),
(13, 13, 'Kia', 'Sportage', 2019, 'ASD333', 'Carro'),
(14, 14, 'BMW', 'X5', 2021, 'ZXC444', 'Carro'),
(15, 15, 'Mercedes-Benz', 'C300', 2022, 'VBN555', 'Carro'),
(16, 16, 'Audi', 'A4', 2021, 'TYU666', 'Carro'),
(17, 17, 'Volkswagen', 'Jetta', 2019, 'HGF777', 'Carro'),
(18, 18, 'Peugeot', '2008', 2020, 'PLM888', 'Carro'),
(19, 19, 'Renault', 'Duster', 2022, 'OPQ999', 'Carro'),
(20, 20, 'Fiat', '500', 2021, 'IUY101', 'Carro'),
(21, 21, 'Tesla', 'Model 3', 2022, 'EV1111', 'Carro'),
(22, 22, 'Subaru', 'Forester', 2020, 'SUV2222', 'Carro'),
(23, 23, 'Volvo', 'XC60', 2021, 'LUX3333', 'Carro'),
(24, 24, 'Jaguar', 'F-Pace', 2019, 'PRM4444', 'Carro'),
(25, 25, 'Land Rover', 'Range Rover', 2022, 'ELT5555', 'Carro'),
(26, 26, 'Jeep', 'Wrangler', 2023, 'OFF6666', 'Carro'),
(27, 27, 'Porsche', 'Cayenne', 2021, 'SPT7777', 'Carro'),
(28, 28, 'Ferrari', '488 GTB', 2018, 'RCE8888', 'Carro'),
(29, 29, 'Lamborghini', 'Huracán', 2020, 'EXP9999', 'Carro'),
(30, 30, 'Bugatti', 'Chiron', 2021, 'ULT1010', 'Carro'),
(31, 31, 'Dodge', 'Challenger', 2022, 'MUS1111', 'Carro'),
(32, 32, 'Ford', 'Mustang', 2019, 'MUS2222', 'Carro'),
(33, 33, 'Chevrolet', 'Camaro', 2020, 'MUS3333', 'Carro'),
(34, 34, 'Honda', 'Accord', 2021, 'SED4444', 'Carro'),
(35, 35, 'Toyota', 'Rav4', 2022, 'SUV5555', 'Carro'),
(36, 36, 'Nissan', 'X-Trail', 2020, 'SUV6666', 'Carro'),
(37, 37, 'Suzuki', 'Swift', 2019, 'COM7777', 'Carro'),
(38, 38, 'Mazda', 'Mazda3', 2023, 'SED8888', 'Carro'),
(39, 39, 'Hyundai', 'Tucson', 2021, 'SUV9999', 'Carro'),
(40, 40, 'Peugeot', '3008', 2020, 'FRN1010', 'Carro'),
(41, 41, 'Harley-Davidson', 'Street 750', 2019, 'MOT010', 'Moto'),
(42, 42, 'KTM', 'Duke 390', 2021, 'MOT011', 'Moto'),
(43, 43, 'Bajaj', 'Pulsar NS200', 2020, 'MOT012', 'Moto'),
(44, 44, 'Hero', 'Xpulse 200', 2019, 'MOT013', 'Moto'),
(45, 45, 'TVS', 'Apache RTR 160', 2018, 'MOT014', 'Moto'),
(46, 46, 'Royal Enfield', 'Classic 350', 2022, 'MOT015', 'Moto'),
(47, 47, 'Benelli', 'Imperiale 400', 2021, 'MOT016', 'Moto'),
(48, 48, 'Honda', 'CBR 500R', 2020, 'MOT017', 'Moto'),
(49, 49, 'Ducati', 'Panigale V4', 2023, 'MOT018', 'Moto'),
(50, 50, 'BMW', 'S1000RR', 2021, 'MOT019', 'Moto');

INSERT INTO Servicios (servicio_id, nombre, descripcion, precio) VALUES 
(1, 'Cambio de Aceite', 'Cambio de aceite de motor con filtro incluido.', 80.00),
(2, 'Alineación y Balanceo', 'Ajuste y balanceo de llantas para mejorar la estabilidad del vehículo.', 120.00),
(3, 'Revisión General', 'Inspección completa del vehículo para detectar fallos mecánicos.', 150.00),
(4, 'Cambio de Pastillas de Freno', 'Sustitución de pastillas de freno delanteras y traseras.', 200.00),
(5, 'Lavado y Detallado', 'Lavado profundo con encerado y limpieza de interiores.', 100.00),
(6, 'Cambio de Batería', 'Sustitución e instalación de batería nueva con revisión del sistema eléctrico.', 250.00),
(7, 'Diagnóstico por Computadora', 'Escaneo del sistema del vehículo para detectar códigos de error.', 90.00),
(8, 'Cambio de Correa de Distribución', 'Sustitución de la correa de distribución con revisión de poleas y tensores.', 300.00),
(9, 'Carga de Aire Acondicionado', 'Recarga y mantenimiento del sistema de aire acondicionado.', 180.00),
(10, 'Revisión y Ajuste de Suspensión', 'Chequeo y ajuste de amortiguadores, resortes y bujes.', 220.00);

INSERT INTO Historial_Servicios (historial_id, vehiculo_id, servicio_id, fecha, costo, descripcion) VALUES
(1, 1, 2, '2025-03-01', 120.00, 'Alineación y balanceo realizado correctamente.'),
(2, 2, 4, '2025-03-02', 200.00, 'Cambio de pastillas de freno delanteras y traseras.'),
(3, 3, 6, '2025-03-03', 250.00, 'Cambio de batería y revisión de sistema eléctrico.'),
(4, 4, 1, '2025-03-04', 80.00, 'Cambio de aceite con filtro incluido.'),
(5, 5, 3, '2025-03-05', 150.00, 'Revisión general del vehículo.'),
(6, 6, 8, '2025-03-06', 300.00, 'Cambio de correa de distribución y revisión de tensores.'),
(7, 7, 5, '2025-03-07', 100.00, 'Lavado profundo con encerado.'),
(8, 8, 10, '2025-03-08', 220.00, 'Revisión y ajuste de suspensión.'),
(9, 9, 7, '2025-03-09', 90.00, 'Diagnóstico por computadora realizado.'),
(10, 10, 9, '2025-03-10', 180.00, 'Recarga de aire acondicionado realizada con éxito.'),
(11, 11, 1, '2025-03-11', 80.00, 'Cambio de aceite en motor diésel.'),
(12, 12, 2, '2025-03-12', 120.00, 'Balanceo de llantas y alineación de dirección.'),
(13, 13, 3, '2025-03-13', 150.00, 'Revisión de frenos y sistema eléctrico.'),
(14, 14, 4, '2025-03-14', 200.00, 'Cambio de pastillas de freno delanteras.'),
(15, 15, 6, '2025-03-15', 250.00, 'Sustitución de batería por modelo de mayor capacidad.'),
(16, 16, 8, '2025-03-16', 300.00, 'Mantenimiento preventivo de correa de distribución.'),
(17, 17, 9, '2025-03-17', 180.00, 'Revisión del sistema de aire acondicionado.'),
(18, 18, 10, '2025-03-18', 220.00, 'Ajuste de suspensión trasera.'),
(19, 19, 7, '2025-03-19', 90.00, 'Diagnóstico del sistema de inyección electrónica.'),
(20, 20, 5, '2025-03-20', 100.00, 'Lavado y encerado con pulido de carrocería.'),
(21, 21, 2, '2025-03-21', 120.00, 'Alineación de ejes y ajuste de balanceo.'),
(22, 22, 4, '2025-03-22', 200.00, 'Sustitución de pastillas de freno y revisión de discos.'),
(23, 23, 6, '2025-03-23', 250.00, 'Reemplazo de batería con prueba de carga.'),
(24, 24, 1, '2025-03-24', 80.00, 'Cambio de aceite y filtro de aire.'),
(25, 25, 3, '2025-03-25', 150.00, 'Inspección de frenos y suspensión.'),
(26, 26, 8, '2025-03-26', 300.00, 'Cambio de correa de distribución por desgaste.'),
(27, 27, 5, '2025-03-27', 100.00, 'Lavado de motor con protección anticorrosiva.'),
(28, 28, 10, '2025-03-28', 220.00, 'Ajuste de amortiguadores y revisión de bujes.'),
(29, 29, 7, '2025-03-29', 90.00, 'Chequeo del sistema eléctrico con escáner.'),
(30, 30, 9, '2025-03-30', 180.00, 'Carga y limpieza de aire acondicionado.'),
(31, 31, 1, '2025-03-31', 80.00, 'Cambio de aceite con aditivo protector.'),
(32, 32, 2, '2025-04-01', 120.00, 'Alineación y balanceo con calibración de dirección.'),
(33, 33, 4, '2025-04-02', 200.00, 'Cambio de pastillas y discos de freno delanteros.'),
(34, 34, 6, '2025-04-03', 250.00, 'Cambio de batería por modelo de alta duración.'),
(35, 35, 8, '2025-04-04', 300.00, 'Revisión y ajuste de tensores de correa de distribución.'),
(36, 36, 10, '2025-04-05', 220.00, 'Mantenimiento de suspensión delantera y trasera.'),
(37, 37, 7, '2025-04-06', 90.00, 'Escaneo del sistema de inyección electrónica.'),
(38, 38, 5, '2025-04-07', 100.00, 'Lavado y encerado con limpieza de interiores.'),
(39, 39, 9, '2025-04-08', 180.00, 'Recarga y ajuste del aire acondicionado.'),
(40, 40, 3, '2025-04-09', 150.00, 'Inspección de luces y sistema eléctrico.'),
(41, 41, 1, '2025-04-10', 80.00, 'Cambio de aceite con revisión de niveles.'),
(42, 42, 2, '2025-04-11', 120.00, 'Alineación de ruedas y balanceo.'),
(43, 43, 4, '2025-04-12', 200.00, 'Cambio de frenos traseros.'),
(44, 44, 6, '2025-04-13', 250.00, 'Sustitución de batería y prueba de carga.'),
(45, 45, 8, '2025-04-14', 300.00, 'Cambio de correa y ajuste de tensores.'),
(46, 46, 10, '2025-04-15', 220.00, 'Chequeo y ajuste de suspensión.'),
(47, 47, 7, '2025-04-16', 90.00, 'Revisión del sistema de encendido con escáner.'),
(48, 48, 5, '2025-04-17', 100.00, 'Lavado, encerado y pulido de faros.'),
(49, 49, 9, '2025-04-18', 180.00, 'Carga y purga del sistema de aire acondicionado.'),
(50, 50, 3, '2025-04-19', 150.00, 'Revisión de frenos y suspensión trasera.');

INSERT INTO Asignacion_Empleados_Servicios (asignacion_id, historial_id, empleado_id) VALUES
(1, 1, 2),
(2, 2, 4),
(3, 3, 1),
(4, 4, 3),
(5, 5, 5),
(6, 6, 6),
(7, 7, 2),
(8, 8, 3),
(9, 9, 1),
(10, 10, 4),
(11, 11, 5),
(12, 12, 6),
(13, 13, 2),
(14, 14, 1),
(15, 15, 3),
(16, 16, 4),
(17, 17, 5),
(18, 18, 6),
(19, 19, 2),
(20, 20, 1),
(21, 21, 3),
(22, 22, 4),
(23, 23, 5),
(24, 24, 6),
(25, 25, 2),
(26, 26, 1),
(27, 27, 3),
(28, 28, 4),
(29, 29, 5),
(30, 30, 6),
(31, 31, 2),
(32, 32, 1),
(33, 33, 3),
(34, 34, 4),
(35, 35, 5),
(36, 36, 6),
(37, 37, 2),
(38, 38, 1),
(39, 39, 3),
(40, 40, 4),
(41, 41, 5),
(42, 42, 6),
(43, 43, 2),
(44, 44, 1),
(45, 45, 3),
(46, 46, 4),
(47, 47, 5),
(48, 48, 6),
(49, 49, 2),
(50, 50, 1);

INSERT INTO Facturas (factura_id, cliente_id, fecha, total) VALUES
(1, 1, '2024-01-05', 150.00),
(2, 2, '2024-01-12', 275.50),
(3, 3, '2024-01-18', 340.75),
(4, 4, '2024-02-02', 199.99),
(5, 5, '2024-02-10', 420.00),
(6, 6, '2024-02-15', 380.25),
(7, 7, '2024-02-20', 599.99),
(8, 8, '2024-03-01', 129.50),
(9, 9, '2024-03-07', 210.00),
(10, 10, '2024-03-12', 305.75),
(11, 11, '2024-03-18', 470.00),
(12, 12, '2024-03-25', 325.50),
(13, 13, '2024-04-01', 499.99),
(14, 14, '2024-04-05', 189.99),
(15, 15, '2024-04-10', 275.00),
(16, 16, '2024-04-18', 599.50),
(17, 17, '2024-04-22', 345.75),
(18, 18, '2024-05-01', 215.00),
(19, 19, '2024-05-08', 450.25),
(20, 20, '2024-05-15', 389.99),
(21, 21, '2024-05-22', 600.00),
(22, 22, '2024-06-01', 310.50),
(23, 23, '2024-06-07', 490.75),
(24, 24, '2024-06-14', 129.99),
(25, 25, '2024-06-20', 570.00),
(26, 26, '2024-06-27', 199.50),
(27, 27, '2024-07-03', 255.75),
(28, 28, '2024-07-09', 389.99),
(29, 29, '2024-07-15', 495.00),
(30, 30, '2024-07-20', 180.50),
(31, 31, '2024-07-27', 310.00),
(32, 32, '2024-08-03', 420.75),
(33, 33, '2024-08-08', 540.99),
(34, 34, '2024-08-15', 275.00),
(35, 35, '2024-08-22', 150.99),
(36, 36, '2024-08-29', 699.00),
(37, 37, '2024-09-01', 330.50),
(38, 38, '2024-09-07', 260.75),
(39, 39, '2024-09-14', 599.99),
(40, 40, '2024-09-21', 485.00),
(41, 41, '2024-09-28', 159.99),
(42, 42, '2024-10-04', 215.00),
(43, 43, '2024-10-10', 389.99),
(44, 44, '2024-10-17', 299.50),
(45, 45, '2024-10-24', 430.75),
(46, 46, '2024-11-01', 540.99),
(47, 47, '2024-11-08', 265.00),
(48, 48, '2024-11-15', 145.99),
(49, 49, '2024-11-22', 699.00),
(50, 50, '2024-11-29', 325.50);

INSERT INTO Detalle_Factura (detalle_id, factura_id, servicio_id, cantidad, precio_unitario, total) VALUES
(1, 1, 3, 1, 150.00, 150.00),
(2, 2, 5, 2, 137.75, 275.50),
(3, 3, 2, 1, 340.75, 340.75),
(4, 4, 7, 2, 99.99, 199.99),
(5, 5, 1, 1, 420.00, 420.00),
(6, 6, 8, 3, 126.75, 380.25),
(7, 7, 4, 2, 299.99, 599.98),
(8, 8, 6, 1, 129.50, 129.50),
(9, 9, 9, 3, 70.00, 210.00),
(10, 10, 10, 1, 305.75, 305.75),
(11, 11, 2, 2, 235.00, 470.00),
(12, 12, 5, 3, 108.50, 325.50),
(13, 13, 3, 1, 499.99, 499.99),
(14, 14, 7, 2, 94.99, 189.98),
(15, 15, 1, 1, 275.00, 275.00),
(16, 16, 10, 2, 299.75, 599.50),
(17, 17, 8, 1, 345.75, 345.75),
(18, 18, 6, 1, 215.00, 215.00),
(19, 19, 9, 2, 225.12, 450.24),
(20, 20, 4, 1, 389.99, 389.99),
(21, 21, 3, 2, 300.00, 600.00),
(22, 22, 2, 1, 310.50, 310.50),
(23, 23, 5, 2, 245.37, 490.74),
(24, 24, 7, 1, 129.99, 129.99),
(25, 25, 10, 3, 190.00, 570.00),
(26, 26, 1, 1, 199.50, 199.50),
(27, 27, 8, 3, 85.25, 255.75),
(28, 28, 9, 1, 389.99, 389.99),
(29, 29, 4, 2, 247.50, 495.00),
(30, 30, 3, 1, 180.50, 180.50),
(31, 31, 5, 2, 155.00, 310.00),
(32, 32, 6, 3, 140.25, 420.75),
(33, 33, 2, 2, 270.50, 541.00),
(34, 34, 7, 1, 275.00, 275.00),
(35, 35, 10, 1, 150.99, 150.99),
(36, 36, 1, 3, 233.00, 699.00),
(37, 37, 4, 1, 330.50, 330.50),
(38, 38, 8, 2, 130.37, 260.74),
(39, 39, 6, 1, 599.99, 599.99),
(40, 40, 9, 2, 242.50, 485.00),
(41, 41, 3, 1, 159.99, 159.99),
(42, 42, 7, 2, 107.50, 215.00),
(43, 43, 5, 3, 129.99, 389.97),
(44, 44, 10, 1, 299.50, 299.50),
(45, 45, 2, 2, 215.37, 430.74),
(46, 46, 4, 1, 540.99, 540.99),
(47, 47, 6, 1, 265.00, 265.00),
(48, 48, 1, 1, 145.99, 145.99),
(49, 49, 9, 3, 233.00, 699.00),
(50, 50, 3, 1, 325.50, 325.50);

INSERT INTO Tipos_Proceso (tipo_proceso_id, nombre, descripción) VALUES
(1, 'Diagnóstico Inicial', 'Evaluación preliminar del estado del vehículo antes de cualquier reparación.'),
(2, 'Cambio de Aceite', 'Sustitución del aceite del motor y revisión del filtro de aceite.'),
(3, 'Revisión de Frenos', 'Inspección y posible sustitución de pastillas y discos de freno.'),
(4, 'Alineación y Balanceo', 'Corrección de la alineación y balanceo de las llantas para un mejor desempeño.'),
(5, 'Cambio de Batería', 'Sustitución de la batería defectuosa por una nueva.'),
(6, 'Mantenimiento Preventivo', 'Revisión general del vehículo para evitar futuras averías.'),
(7, 'Reparación del Sistema de Escape', 'Detección y reparación de fugas o fallas en el escape del vehículo.'),
(8, 'Reparación del Motor', 'Intervención en el motor para corregir problemas de funcionamiento.'),
(9, 'Cambio de Transmisión', 'Sustitución o reparación de la transmisión del vehículo.'),
(10, 'Revisión de Suspensión', 'Inspección y reparación de amortiguadores y otros componentes de la suspensión.'),
(11, 'Pintura y Estética', 'Restauración de la pintura y eliminación de rayones y golpes menores.'),
(12, 'Cambio de Neumáticos', 'Sustitución de llantas desgastadas por nuevas.'),
(13, 'Revisión de Sistema Eléctrico', 'Diagnóstico y reparación de fallas en el sistema eléctrico del vehículo.'),
(14, 'Revisión de Climatización', 'Chequeo y reparación del aire acondicionado y calefacción.'),
(15, 'Inspección Técnica', 'Evaluación general para cumplir con normativas de seguridad y emisiones.');

INSERT INTO Procesos (vehiculo_id, tipo_proceso_id, empleado_id, fecha_inicio, fecha_fin, estado, descripcion) VALUES
(1, 1, 3, '2025-03-01', '2025-03-02', 'Finalizado', 'Diagnóstico inicial completado sin problemas.'),
(2, 2, 4, '2025-03-03', '2025-03-03', 'Finalizado', 'Cambio de aceite y revisión del filtro realizada.'),
(3, 3, 5, '2025-03-05', '2025-03-06', 'Finalizado', 'Revisión y ajuste de frenos exitoso.'),
(4, 4, 6, '2025-03-07', NULL, 'En Proceso', 'Alineación y balanceo en curso.'),
(5, 5, 1, '2025-03-08', '2025-03-08', 'Finalizado', 'Cambio de batería completado con éxito.'),
(6, 6, 2, '2025-03-09', '2025-03-10', 'Finalizado', 'Mantenimiento preventivo realizado.'),
(7, 7, 3, '2025-03-11', NULL, 'Pendiente', 'Revisión del sistema de escape programada.'),
(8, 8, 4, '2025-03-12', NULL, 'En Proceso', 'Desmontaje parcial del motor para reparación.'),
(9, 9, 5, '2025-03-13', NULL, 'Pendiente', 'Cambio de transmisión agendado.'),
(10, 10, 6, '2025-03-14', '2025-03-15', 'Finalizado', 'Suspensión revisada y amortiguadores reemplazados.'),
(11, 11, 1, '2025-03-16', '2025-03-17', 'Finalizado', 'Trabajo de pintura terminado con éxito.'),
(12, 12, 2, '2025-03-18', NULL, 'Pendiente', 'Cambio de neumáticos en espera.'),
(13, 13, 3, '2025-03-19', '2025-03-20', 'Finalizado', 'Revisión del sistema eléctrico completada.'),
(14, 14, 4, '2025-03-21', NULL, 'En Proceso', 'Inspección del sistema de climatización en progreso.'),
(15, 15, 5, '2025-03-22', '2025-03-23', 'Finalizado', 'Inspección técnica completada.'),
(16, 1, 2, '2025-03-24', NULL, 'Pendiente', 'Cambio de aceite programado.'),
(17, 2, 3, '2025-03-25', '2025-03-25', 'Finalizado', 'Revisión de frenos realizada con éxito.'),
(18, 3, 4, '2025-03-26', NULL, 'En Proceso', 'Alineación y balanceo en curso.'),
(19, 4, 5, '2025-03-27', '2025-03-28', 'Finalizado', 'Cambio de batería completado.'),
(20, 5, 6, '2025-03-29', NULL, 'Pendiente', 'Mantenimiento preventivo programado.'),
(21, 6, 7, '2025-03-30', '2025-03-31', 'Finalizado', 'Escape revisado y ajustado.'),
(22, 7, 8, '2025-04-01', NULL, 'En Proceso', 'Reparación del motor en curso.'),
(23, 8, 9, '2025-04-02', NULL, 'Pendiente', 'Cambio de transmisión en espera.'),
(24, 9, 10, '2025-04-03', '2025-04-04', 'Finalizado', 'Revisión de suspensión terminada.'),
(25, 10, 11, '2025-04-05', NULL, 'En Proceso', 'Trabajo de pintura en curso.'),
(26, 11, 12, '2025-04-06', '2025-04-06', 'Finalizado', 'Cambio de neumáticos completado.'),
(27, 12, 13, '2025-04-07', NULL, 'Pendiente', 'Diagnóstico del sistema eléctrico agendado.'),
(28, 13, 14, '2025-04-08', NULL, 'En Proceso', 'Inspección del aire acondicionado en curso.'),
(29, 14, 15, '2025-04-09', '2025-04-10', 'Finalizado', 'Inspección técnica completada sin observaciones.'),
(30, 15, 1, '2025-04-11', NULL, 'Pendiente', 'Cambio de aceite pendiente.'),
(31, 1, 2, '2025-04-12', '2025-04-12', 'Finalizado', 'Revisión de frenos finalizada.'),
(32, 2, 3, '2025-04-13', NULL, 'En Proceso', 'Alineación y balanceo en proceso.'),
(33, 3, 4, '2025-04-14', '2025-04-15', 'Finalizado', 'Batería reemplazada exitosamente.'),
(34, 4, 5, '2025-04-16', NULL, 'Pendiente', 'Mantenimiento preventivo programado.'),
(35, 5, 6, '2025-04-17', '2025-04-18', 'Finalizado', 'Sistema de escape revisado y ajustado.'),
(36, 6, 7, '2025-04-19', NULL, 'En Proceso', 'Reparación del motor en progreso.'),
(37, 7, 8, '2025-04-20', NULL, 'Pendiente', 'Cambio de transmisión planificado.'),
(38, 8, 9, '2025-04-21', '2025-04-22', 'Finalizado', 'Revisión de suspensión completada.'),
(39, 9, 10, '2025-04-23', NULL, 'En Proceso', 'Trabajo de pintura en curso.'),
(40, 10, 11, '2025-04-24', '2025-04-25', 'Finalizado', 'Neumáticos reemplazados con éxito.'),
(41, 11, 12, '2025-04-26', NULL, 'Pendiente', 'Diagnóstico del sistema eléctrico pendiente.'),
(42, 12, 13, '2025-04-27', NULL, 'En Proceso', 'Revisión del aire acondicionado en marcha.'),
(43, 13, 14, '2025-04-28', '2025-04-29', 'Finalizado', 'Inspección técnica aprobada.'),
(44, 14, 15, '2025-04-30', NULL, 'Pendiente', 'Cambio de aceite programado.'),
(45, 15, 1, '2025-05-01', '2025-05-01', 'Finalizado', 'Revisión de frenos realizada.'),
(46, 1, 2, '2025-05-02', NULL, 'En Proceso', 'Alineación y balanceo en progreso.'),
(47, 2, 3, '2025-05-03', '2025-05-04', 'Finalizado', 'Batería cambiada sin problemas.'),
(48, 3, 4, '2025-05-05', NULL, 'Pendiente', 'Mantenimiento preventivo en espera.'),
(49, 4, 5, '2025-05-06', '2025-05-07', 'Finalizado', 'Escape revisado y ajustado.'),
(50, 5, 6, '2025-05-08', NULL, 'En Proceso', 'Reparación del motor en marcha.');

INSERT INTO Registro_Mantenimiento (vehiculo_id, tipo_mantenimiento, fecha, empleado_id, costo, descripcion) VALUES
(1, 'Cambio de aceite', '2025-03-01', 3, 50.00, 'Cambio de aceite y revisión de filtro.'),
(2, 'Revisión de frenos', '2025-03-02', 4, 80.00, 'Revisión y ajuste de frenos delanteros y traseros.'),
(3, 'Alineación y balanceo', '2025-03-03', 5, 60.00, 'Ajuste de alineación y balanceo de llantas.'),
(4, 'Cambio de batería', '2025-03-04', 6, 120.00, 'Sustitución de batería por una nueva de 12V.'),
(5, 'Mantenimiento preventivo', '2025-03-05', 1, 200.00, 'Inspección general y cambio de filtros.'),
(6, 'Sistema de escape', '2025-03-06', 2, 90.00, 'Revisión y reparación de sistema de escape.'),
(7, 'Cambio de transmisión', '2025-03-07', 3, 350.00, 'Cambio completo de caja de transmisión.'),
(8, 'Revisión de suspensión', '2025-03-08', 4, 110.00, 'Revisión y ajuste de amortiguadores.'),
(9, 'Trabajo de pintura', '2025-03-09', 5, 500.00, 'Reparación y repintado de capó y laterales.'),
(10, 'Cambio de neumáticos', '2025-03-10', 6, 300.00, 'Instalación de cuatro neumáticos nuevos.'),
(11, 'Diagnóstico eléctrico', '2025-03-11', 1, 100.00, 'Inspección del sistema eléctrico del vehículo.'),
(12, 'Revisión de aire acondicionado', '2025-03-12', 2, 70.00, 'Carga de gas y ajuste del sistema de enfriamiento.'),
(13, 'Inspección técnica', '2025-03-13', 3, 50.00, 'Inspección técnica vehicular completa.'),
(14, 'Cambio de aceite', '2025-03-14', 4, 50.00, 'Cambio de aceite y filtro de motor.'),
(15, 'Revisión de frenos', '2025-03-15', 5, 80.00, 'Ajuste y cambio de pastillas de frenos.'),
(16, 'Alineación y balanceo', '2025-03-16', 6, 60.00, 'Balanceo y alineación de ruedas delanteras.'),
(17, 'Cambio de batería', '2025-03-17', 1, 120.00, 'Sustitución de batería defectuosa.'),
(18, 'Mantenimiento preventivo', '2025-03-18', 2, 200.00, 'Revisión general y cambio de aceite.'),
(19, 'Sistema de escape', '2025-03-19', 3, 90.00, 'Reparación de tubo de escape dañado.'),
(20, 'Cambio de transmisión', '2025-03-20', 4, 350.00, 'Reemplazo completo de transmisión.'),
(21, 'Revisión de suspensión', '2025-03-21', 5, 110.00, 'Revisión y lubricación de suspensión.'),
(22, 'Trabajo de pintura', '2025-03-22', 6, 500.00, 'Reparación de rayones y pintura de puertas.'),
(23, 'Cambio de neumáticos', '2025-03-23', 1, 300.00, 'Cambio de llantas delanteras.'),
(24, 'Diagnóstico eléctrico', '2025-03-24', 2, 100.00, 'Chequeo de luces y alternador.'),
(25, 'Revisión de aire acondicionado', '2025-03-25', 3, 70.00, 'Mantenimiento del aire acondicionado.'),
(26, 'Inspección técnica', '2025-03-26', 4, 50.00, 'Pruebas de emisiones y seguridad.'),
(27, 'Cambio de aceite', '2025-03-27', 5, 50.00, 'Cambio de aceite sintético.'),
(28, 'Revisión de frenos', '2025-03-28', 6, 80.00, 'Sustitución de discos de freno.'),
(29, 'Alineación y balanceo', '2025-03-29', 1, 60.00, 'Alineación y balanceo completo.'),
(30, 'Cambio de batería', '2025-03-30', 2, 120.00, 'Nueva batería instalada.'),
(31, 'Mantenimiento preventivo', '2025-03-31', 3, 200.00, 'Limpieza de inyectores y filtros.'),
(32, 'Sistema de escape', '2025-04-01', 4, 90.00, 'Cambio de catalizador.'),
(33, 'Cambio de transmisión', '2025-04-02', 5, 350.00, 'Cambio de transmisión automática.'),
(34, 'Revisión de suspensión', '2025-04-03', 6, 110.00, 'Cambio de amortiguadores traseros.'),
(35, 'Trabajo de pintura', '2025-04-04', 1, 500.00, 'Pintura general del vehículo.'),
(36, 'Cambio de neumáticos', '2025-04-05', 2, 300.00, 'Sustitución de neumáticos traseros.'),
(37, 'Diagnóstico eléctrico', '2025-04-06', 3, 100.00, 'Diagnóstico de corto circuito en luces.'),
(38, 'Revisión de aire acondicionado', '2025-04-07', 4, 70.00, 'Carga de gas refrigerante.'),
(39, 'Inspección técnica', '2025-04-08', 5, 50.00, 'Verificación de emisiones y seguridad.'),
(40, 'Cambio de aceite', '2025-04-09', 6, 50.00, 'Cambio de aceite mineral.'),
(41, 'Revisión de frenos', '2025-04-10', 1, 80.00, 'Revisión de frenos y cambio de líquido.'),
(42, 'Alineación y balanceo', '2025-04-11', 2, 60.00, 'Balanceo de las 4 ruedas.'),
(43, 'Cambio de batería', '2025-04-12', 3, 120.00, 'Batería de gel instalada.'),
(44, 'Mantenimiento preventivo', '2025-04-13', 4, 200.00, 'Revisión general con cambio de aceite.'),
(45, 'Sistema de escape', '2025-04-14', 5, 90.00, 'Silenciador cambiado.'),
(46, 'Cambio de transmisión', '2025-04-15', 6, 350.00, 'Cambio de embrague y caja de cambios.'),
(47, 'Revisión de suspensión', '2025-04-16', 1, 110.00, 'Sustitución de resortes delanteros.'),
(48, 'Trabajo de pintura', '2025-04-17', 2, 500.00, 'Reparación de pintura y encerado.'),
(49, 'Cambio de neumáticos', '2025-04-18', 3, 300.00, 'Cambio de neumáticos Michelin.'),
(50, 'Diagnóstico eléctrico', '2025-04-19', 4, 100.00, 'Prueba de alternador y batería.');

INSERT INTO Historial_Cliente (cliente_id, fecha, tipo_evento, descripcion) VALUES
(1, '2025-03-01', 'Cambio de Datos', 'El cliente actualizó su número de teléfono.'),
(2, '2025-03-02', 'Queja', 'El cliente reportó un retraso en la entrega de su vehículo.'),
(3, '2025-03-03', 'Nueva Compra', 'El cliente adquirió un nuevo servicio de mantenimiento.'),
(4, '2025-03-04', 'Observación', 'El cliente mencionó que el sistema de reservas es confuso.'),
(5, '2025-03-05', 'Otro', 'El cliente solicitó información sobre descuentos para clientes frecuentes.'),
(6, '2025-03-06', 'Cambio de Datos', 'Cambio de dirección de residencia.'),
(7, '2025-03-07', 'Queja', 'El cliente reportó un problema con el aire acondicionado tras el mantenimiento.'),
(8, '2025-03-08', 'Nueva Compra', 'El cliente contrató un servicio de alineación y balanceo.'),
(9, '2025-03-09', 'Observación', 'El cliente sugirió ampliar el horario de atención.'),
(10, '2025-03-10', 'Otro', 'El cliente preguntó por un plan de fidelización.'),
(11, '2025-03-11', 'Cambio de Datos', 'Actualización de correo electrónico.'),
(12, '2025-03-12', 'Queja', 'Se quejó por un rayón en su vehículo tras el servicio.'),
(13, '2025-03-13', 'Nueva Compra', 'Adquirió una membresía para mantenimientos anuales.'),
(14, '2025-03-14', 'Observación', 'El cliente mencionó que el café en la sala de espera estaba frío.'),
(15, '2025-03-15', 'Otro', 'Consultó sobre garantías en los servicios de reparación.'),
(16, '2025-03-16', 'Cambio de Datos', 'Cambio de teléfono móvil.'),
(17, '2025-03-17', 'Queja', 'Se quejó por el tiempo de espera para un diagnóstico.'),
(18, '2025-03-18', 'Nueva Compra', 'Contrató el servicio de revisión técnica completa.'),
(19, '2025-03-19', 'Observación', 'Sugerencia de mejorar la comunicación por WhatsApp.'),
(20, '2025-03-20', 'Otro', 'Consultó por disponibilidad de piezas de repuesto.'),
(21, '2025-03-21', 'Cambio de Datos', 'Cambio de dirección fiscal.'),
(22, '2025-03-22', 'Queja', 'El cliente reportó ruido en el motor tras el mantenimiento.'),
(23, '2025-03-23', 'Nueva Compra', 'Contrató un paquete de servicios premium.'),
(24, '2025-03-24', 'Observación', 'Recomendó agregar más personal en recepción.'),
(25, '2025-03-25', 'Otro', 'Preguntó por opciones de financiamiento para reparaciones.'),
(26, '2025-03-26', 'Cambio de Datos', 'Actualización de datos bancarios para pagos.'),
(27, '2025-03-27', 'Queja', 'Reportó un cobro indebido en su factura.'),
(28, '2025-03-28', 'Nueva Compra', 'Solicitó un cambio completo de frenos.'),
(29, '2025-03-29', 'Observación', 'Pidió mayor claridad en los presupuestos entregados.'),
(30, '2025-03-30', 'Otro', 'Consultó sobre planes de mantenimiento para flotas empresariales.'),
(31, '2025-03-31', 'Cambio de Datos', 'Cambio de número de contacto.'),
(32, '2025-04-01', 'Queja', 'Se quejó por un diagnóstico erróneo en su vehículo.'),
(33, '2025-04-02', 'Nueva Compra', 'Contrató un servicio de revisión de suspensión.'),
(34, '2025-04-03', 'Observación', 'Sugerencia de incluir lavado gratuito en algunos servicios.'),
(35, '2025-04-04', 'Otro', 'Consultó sobre pólizas de seguro para vehículos.'),
(36, '2025-04-05', 'Cambio de Datos', 'Cambio de correo electrónico.'),
(37, '2025-04-06', 'Queja', 'Retraso en la entrega de su vehículo tras reparación.'),
(38, '2025-04-07', 'Nueva Compra', 'Contrató el servicio de diagnóstico eléctrico.'),
(39, '2025-04-08', 'Observación', 'Sugirió mejorar la señalización dentro del taller.'),
(40, '2025-04-09', 'Otro', 'Consultó por instalación de alarmas para autos.'),
(41, '2025-04-10', 'Cambio de Datos', 'Actualización de dirección de trabajo.'),
(42, '2025-04-11', 'Queja', 'Malentendido con el personal sobre la factura emitida.'),
(43, '2025-04-12', 'Nueva Compra', 'Adquirió un kit de mantenimiento para su vehículo.'),
(44, '2025-04-13', 'Observación', 'Propuso ofrecer descuentos a clientes frecuentes.'),
(45, '2025-04-14', 'Otro', 'Preguntó por el tiempo de garantía en piezas instaladas.'),
(46, '2025-04-15', 'Cambio de Datos', 'Cambio de número de teléfono de contacto.'),
(47, '2025-04-16', 'Queja', 'Reportó un problema con el sistema de reservas en línea.'),
(48, '2025-04-17', 'Nueva Compra', 'Adquirió un cambio de llantas completo.'),
(49, '2025-04-18', 'Observación', 'Comentó que la sala de espera debería tener más comodidades.'),
(50, '2025-04-19', 'Otro', 'Consultó por una revisión mecánica antes de un viaje largo.');

INSERT INTO Historial_Servicios_Realizados (vehiculo_id, servicio_id, fecha, empleado_id, costo, descripcion) VALUES
(1, 2, '2025-03-01', 3, 150.00, 'Cambio de aceite y revisión de filtros.'),
(2, 4, '2025-03-02', 5, 300.00, 'Revisión y reparación del sistema de frenos.'),
(3, 1, '2025-03-03', 2, 100.00, 'Diagnóstico del sistema eléctrico del vehículo.'),
(4, 3, '2025-03-04', 6, 250.00, 'Mantenimiento general del motor.'),
(5, 5, '2025-03-05', 1, 200.00, 'Alineación y balanceo de llantas.'),
(6, 6, '2025-03-06', 4, 180.00, 'Cambio de batería y revisión del alternador.'),
(7, 7, '2025-03-07', 3, 220.00, 'Revisión y ajuste del sistema de suspensión.'),
(8, 8, '2025-03-08', 2, 350.00, 'Cambio de correa de distribución y tensores.'),
(9, 9, '2025-03-09', 5, 400.00, 'Servicio de pintura para rayones y abolladuras.'),
(10, 10, '2025-03-10', 6, 250.00, 'Instalación de sistema de alarma para seguridad.'),
(11, 2, '2025-03-11', 3, 140.00, 'Cambio de aceite sintético y limpieza del motor.'),
(12, 4, '2025-03-12', 5, 310.00, 'Cambio completo de pastillas de freno.'),
(13, 1, '2025-03-13', 2, 120.00, 'Revisión del sistema de encendido.'),
(14, 3, '2025-03-14', 6, 270.00, 'Reparación de mangueras del radiador.'),
(15, 5, '2025-03-15', 1, 190.00, 'Rotación de neumáticos y ajuste de presión.'),
(16, 6, '2025-03-16', 4, 200.00, 'Reemplazo de luces delanteras y traseras.'),
(17, 7, '2025-03-17', 3, 250.00, 'Ajuste y cambio de amortiguadores.'),
(18, 8, '2025-03-18', 2, 330.00, 'Cambio de bomba de agua y termostato.'),
(19, 9, '2025-03-19', 5, 450.00, 'Restauración de pintura en puertas.'),
(20, 10, '2025-03-20', 6, 260.00, 'Revisión y reparación del sistema de escape.'),
(21, 2, '2025-03-21', 3, 155.00, 'Cambio de aceite con aditivos de protección.'),
(22, 4, '2025-03-22', 5, 320.00, 'Sustitución de discos de freno.'),
(23, 1, '2025-03-23', 2, 110.00, 'Verificación del sistema de luces y fusibles.'),
(24, 3, '2025-03-24', 6, 275.00, 'Limpieza del sistema de refrigeración.'),
(25, 5, '2025-03-25', 1, 210.00, 'Balanceo y calibración de neumáticos.'),
(26, 6, '2025-03-26', 4, 190.00, 'Cambio de bujías y revisión del motor.'),
(27, 7, '2025-03-27', 3, 240.00, 'Ajuste de resortes de suspensión.'),
(28, 8, '2025-03-28', 2, 340.00, 'Cambio de correa de transmisión.'),
(29, 9, '2025-03-29', 5, 500.00, 'Reparación de golpes en la carrocería.'),
(30, 10, '2025-03-30', 6, 270.00, 'Instalación de sistema GPS.'),
(31, 2, '2025-03-31', 3, 145.00, 'Cambio de aceite de motor con revisión de filtro.'),
(32, 4, '2025-04-01', 5, 290.00, 'Mantenimiento del sistema de frenos ABS.'),
(33, 1, '2025-04-02', 2, 125.00, 'Revisión del sistema de inyección electrónica.'),
(34, 3, '2025-04-03', 6, 280.00, 'Revisión y limpieza del radiador.'),
(35, 5, '2025-04-04', 1, 205.00, 'Revisión y ajuste de alineación y balanceo.'),
(36, 6, '2025-04-05', 4, 185.00, 'Reemplazo de focos LED en faros.'),
(37, 7, '2025-04-06', 3, 230.00, 'Ajuste de componentes de suspensión.'),
(38, 8, '2025-04-07', 2, 345.00, 'Cambio de válvula termostática.'),
(39, 9, '2025-04-08', 5, 480.00, 'Pulido y encerado completo de la carrocería.'),
(40, 10, '2025-04-09', 6, 260.00, 'Actualización del software del sistema de seguridad.'),
(41, 2, '2025-04-10', 3, 160.00, 'Cambio de aceite con revisión general del motor.'),
(42, 4, '2025-04-11', 5, 310.00, 'Sustitución de mangueras de freno.'),
(43, 1, '2025-04-12', 2, 130.00, 'Verificación de sistema eléctrico y luces de emergencia.'),
(44, 3, '2025-04-13', 6, 285.00, 'Limpieza del sistema de ventilación interna.'),
(45, 5, '2025-04-14', 1, 215.00, 'Revisión de neumáticos y ajuste de presión.'),
(46, 6, '2025-04-15', 4, 195.00, 'Cambio de batería con revisión de alternador.'),
(47, 7, '2025-04-16', 3, 245.00, 'Revisión y ajuste de amortiguadores.'),
(48, 8, '2025-04-17', 2, 355.00, 'Reemplazo del sistema de dirección hidráulica.'),
(49, 9, '2025-04-18', 5, 490.00, 'Reparación y pintura de parachoques.'),
(50, 10, '2025-04-19', 6, 280.00, 'Instalación de cámara de reversa.');

INSERT INTO Asignacion_Proceso_Vehiculo (vehiculo_id, proceso_id, fecha_asignacion, estado) VALUES
(1, 2, '2025-03-01', 'Pendiente'),
(2, 4, '2025-03-02', 'En Proceso'),
(3, 6, '2025-03-03', 'Finalizado'),
(4, 8, '2025-03-04', 'Pendiente'),
(5, 10, '2025-03-05', 'En Proceso'),
(6, 12, '2025-03-06', 'Finalizado'),
(7, 14, '2025-03-07', 'Pendiente'),
(8, 16, '2025-03-08', 'En Proceso'),
(9, 18, '2025-03-09', 'Finalizado'),
(10, 20, '2025-03-10', 'Pendiente'),
(11, 22, '2025-03-11', 'En Proceso'),
(12, 24, '2025-03-12', 'Finalizado'),
(13, 26, '2025-03-13', 'Pendiente'),
(14, 28, '2025-03-14', 'En Proceso'),
(15, 30, '2025-03-15', 'Finalizado'),
(16, 32, '2025-03-16', 'Pendiente'),
(17, 34, '2025-03-17', 'En Proceso'),
(18, 36, '2025-03-18', 'Finalizado'),
(19, 38, '2025-03-19', 'Pendiente'),
(20, 40, '2025-03-20', 'En Proceso'),
(21, 42, '2025-03-21', 'Finalizado'),
(22, 44, '2025-03-22', 'Pendiente'),
(23, 46, '2025-03-23', 'En Proceso'),
(24, 48, '2025-03-24', 'Finalizado'),
(25, 50, '2025-03-25', 'Pendiente'),
(26, 1, '2025-03-26', 'En Proceso'),
(27, 3, '2025-03-27', 'Finalizado'),
(28, 5, '2025-03-28', 'Pendiente'),
(29, 7, '2025-03-29', 'En Proceso'),
(30, 9, '2025-03-30', 'Finalizado'),
(31, 11, '2025-03-31', 'Pendiente'),
(32, 13, '2025-04-01', 'En Proceso'),
(33, 15, '2025-04-02', 'Finalizado'),
(34, 17, '2025-04-03', 'Pendiente'),
(35, 19, '2025-04-04', 'En Proceso'),
(36, 21, '2025-04-05', 'Finalizado'),
(37, 23, '2025-04-06', 'Pendiente'),
(38, 25, '2025-04-07', 'En Proceso'),
(39, 27, '2025-04-08', 'Finalizado'),
(40, 29, '2025-04-09', 'Pendiente'),
(41, 31, '2025-04-10', 'En Proceso'),
(42, 33, '2025-04-11', 'Finalizado'),
(43, 35, '2025-04-12', 'Pendiente'),
(44, 37, '2025-04-13', 'En Proceso'),
(45, 39, '2025-04-14', 'Finalizado'),
(46, 41, '2025-04-15', 'Pendiente'),
(47, 43, '2025-04-16', 'En Proceso'),
(48, 45, '2025-04-17', 'Finalizado'),
(49, 47, '2025-04-18', 'Pendiente'),
(50, 49, '2025-04-19', 'En Proceso');
